,state,district,stunting_range,uw_range,wasting_range,District_Name
1,ANDAMAN AND NICOBAR,NICOBARS,0,0,0,NICOBARS
2,ANDAMAN AND NICOBAR,NORTH  & MIDDLE ANDAMAN,0.5,0.5,1,NORTH AND MIDDLE ANDAMAN
3,ANDAMAN AND NICOBAR,SOUTH ANDAMAN,0,0,0.5,SOUTH ANDAMANS
4,ANDHRA PRADESH,SRIKAKULAM,0.5,0.5,0.5,SRIKAKULAM
5,ANDHRA PRADESH,VIZIANAGARAM,0.5,0.5,0.5,VIZIANAGARAM
6,ANDHRA PRADESH,VISAKHAPATNAM,0.5,0.5,0.5,VISAKHAPATANAM
7,ANDHRA PRADESH,EAST GODAVARI,0.5,0.5,0.5,EAST GODAVARI
8,ANDHRA PRADESH,WEST GODAVARI,0.5,0.5,0,WEST GODAVARI
9,ANDHRA PRADESH,KRISHNA,0,0.5,0.5,KRISHNA
10,ANDHRA PRADESH,GUNTUR,0,0.5,0.5,GUNTUR
11,ANDHRA PRADESH,PRAKASAM,0.5,0.5,0.5,PRAKASAM
12,ANDHRA PRADESH,SRI POTTI SRIRAMULU NELLORE,0.5,0.5,0.5,SPSR NELLORE
13,ANDHRA PRADESH,Y.S.R.,0.5,0.5,0.5,KADAPA
14,ANDHRA PRADESH,KURNOOL,1,0.5,0.5,KURNOOL
15,ANDHRA PRADESH,ANANTAPUR,1,0.5,0.5,ANANTAPUR
16,ANDHRA PRADESH,CHITTOOR,0.5,0.5,0.5,CHITTOOR
17,ARUNACHAL PRADESH,LOWER DIBANG VALLEY,0,0,0.5,LOWER DIBANG VALLEY
18,ARUNACHAL PRADESH,LOHIT,0.5,0.5,0.5,LOHIT
19,ARUNACHAL PRADESH,ANJAW,0,0,0.5,ANJAW
20,ASSAM,KOKRAJHAR,0.5,0.5,0.5,KOKRAJHAR
21,ASSAM,DHUBRI,1,0.5,0.5,DHUBRI
22,ASSAM,GOALPARA,1,0.5,0.5,GOALPARA
23,ASSAM,BARPETA,1,0.5,0.5,BARPETA
24,ASSAM,MORIGAON,0.5,0.5,0,MARIGAON
25,ASSAM,NAGAON,0.5,0.5,0,NAGAON
26,ASSAM,SONITPUR,0.5,0.5,0.5,SONITPUR
27,ASSAM,LAKHIMPUR,0.5,0.5,0,LAKHIMPUR
28,ASSAM,DHEMAJI,0.5,0,0,DHEMAJI
29,ASSAM,TINSUKIA,0.5,0.5,0,TINSUKIA
30,ASSAM,DIBRUGARH,0.5,0.5,0.5,DIBRUGARH
31,ASSAM,SIVASAGAR,0.5,0.5,0,SIVASAGAR
32,ASSAM,JORHAT,0.5,0,0,JORHAT
33,ASSAM,GOLAGHAT,0.5,0.5,0,GOLAGHAT
34,ASSAM,KARBI ANGLONG,0.5,0.5,0.5,KARBI ANGLONG
35,ASSAM,DIMA HASAO,0.5,0,0,DIMA HASAO
36,ASSAM,CACHAR,0.5,0.5,1,CACHAR
37,ASSAM,KARIMGANJ,1,0.5,0.5,KARIMGANJ
38,ASSAM,HAILAKANDI,0.5,0.5,0.5,HAILAKANDI
39,ASSAM,BONGAIGAON,0.5,0.5,0.5,BONGAIGAON
40,ASSAM,CHIRANG,1,0.5,0,CHIRANG
41,ASSAM,KAMRUP,0.5,0.5,0.5,KAMRUP
42,ASSAM,KAMRUP METROPOLITAN,0,0.5,0,KAMRUP METRO
43,ASSAM,NALBARI,0.5,0,0.5,NALBARI
44,ASSAM,BAKSA,0.5,0.5,0,BAKSA
45,ASSAM,DARRANG,1,0.5,0.5,DARRANG
46,ASSAM,UDALGURI,0.5,0.5,0.5,UDALGURI
47,BIHAR,PASHCHIM CHAMPARAN,1,0.5,0.5,PASHCHIM CHAMPARAN
48,BIHAR,PURBA CHAMPARAN,1,1,0.5,PURBI CHAMPARAN
49,BIHAR,SHEOHAR,1,1,0,SHEOHAR
50,BIHAR,SITAMARHI,1,1,0.5,SITAMARHI
51,BIHAR,MADHUBANI,1,1,0.5,MADHUBANI
52,BIHAR,SUPAUL,1,1,0.5,SUPAUL
53,BIHAR,ARARIA,1,1,0.5,ARARIA
54,BIHAR,KISHANGANJ,1,1,0.5,KISHANGANJ
55,BIHAR,PURNIA,1,1,0.5,PURNIA
56,BIHAR,KATIHAR,1,1,0.5,KATIHAR
57,BIHAR,MADHEPURA,1,1,0.5,MADHEPURA
58,BIHAR,SAHARSA,1,1,0.5,SAHARSA
59,BIHAR,DARBHANGA,1,1,0.5,DARBHANGA
60,BIHAR,MUZAFFARPUR,1,1,0.5,MUZAFFARPUR
61,BIHAR,GOPALGANJ,0.5,0.5,0.5,GOPALGANJ
62,BIHAR,SIWAN,0.5,0.5,0,SIWAN
63,BIHAR,SARAN,1,1,0.5,SARAN
64,BIHAR,VAISHALI,1,1,0.5,VAISHALI
65,BIHAR,SAMASTIPUR,1,1,0.5,SAMASTIPUR
66,BIHAR,BEGUSARAI,1,0.5,0.5,BEGUSARAI
67,BIHAR,KHAGARIA,1,1,0.5,KHAGARIA
68,BIHAR,BHAGALPUR,1,1,0.5,BHAGALPUR
69,BIHAR,BANKA,1,1,1,BANKA
70,BIHAR,MUNGER,1,1,0.5,MUNGER
71,BIHAR,LAKHISARAI,1,1,0.5,LAKHISARAI
72,BIHAR,SHEIKHPURA,1,1,1,SHEIKHPURA
73,BIHAR,NALANDA,1,1,0.5,NALANDA
74,BIHAR,PATNA,1,1,1,PATNA
75,BIHAR,BHOJPUR,1,1,1,BHOJPUR
76,BIHAR,BUXAR,1,1,0.5,BUXAR
77,BIHAR,KAIMUR (BHABUA),1,1,0.5,KAIMUR (BHABUA)
78,BIHAR,ROHTAS,1,1,0.5,ROHTAS
79,BIHAR,GAYA,1,1,1,GAYA
80,BIHAR,NAWADA,1,1,0.5,NAWADA
81,BIHAR,JAMUI,1,1,1,JAMUI
82,BIHAR,JEHANABAD,1,1,0.5,JEHANABAD
83,BIHAR,ARWAL,1,1,1,ARWAL
84,BIHAR,AURANGABAD,1,1,0.5,AURANGABAD
85,CHHATTISGARH,KOREA,0.5,0.5,1,KOREA
86,CHHATTISGARH,SURGUJA,0.5,0.5,0.5,SURGUJA
87,CHHATTISGARH,JASHPUR,0.5,0.5,0.5,JASHPUR
88,CHHATTISGARH,KORBA,0.5,0.5,1,KORBA
89,CHHATTISGARH,JANJGIR - CHAMPA,0.5,0.5,0.5,JANJGIR-CHAMPA
90,CHHATTISGARH,BILASPUR,0.5,0.5,1,BILASPUR
91,CHHATTISGARH,KABIRDHAM,1,0.5,0.5,KABIRDHAM
92,CHHATTISGARH,RAJNANDGAON,1,0.5,0.5,RAJNANDGAON
93,CHHATTISGARH,DURG,0.5,0.5,0.5,DURG
94,CHHATTISGARH,RAIPUR,0.5,0.5,0.5,RAIPUR
95,CHHATTISGARH,MAHASAMUND,1,0.5,0.5,MAHASAMUND
96,CHHATTISGARH,DHAMTARI,0.5,1,1,DHAMTARI
97,CHHATTISGARH,UTTAR BASTAR KANKER,0.5,1,1,KANKER
98,CHHATTISGARH,BASTAR,1,1,1,BASTAR
99,CHHATTISGARH,NARAYANPUR,1,1,1,NARAYANPUR
100,CHHATTISGARH,DAKSHIN BASTAR DANTEWADA,1,1,1,DANTEWADA
101,CHHATTISGARH,RAIGARH,0.5,0.5,0.5,RAIGARH
102,CHHATTISGARH,BIJAPUR,1,1,1,BIJAPUR
103,DAMAN AND DIU,DIU,0.5,0.5,0.5,DADRA AND NAGAR HAVELI
104,DAMAN AND DIU,DAMAN,0,0.5,1,DAMAN
105,DELHI,CENTRAL,0.5,0.5,0.5,CENTRAL
106,DELHI,WEST,0.5,0.5,0.5,WEST
107,DELHI,SOUTH WEST,0.5,0.5,0,SOUTH WEST
108,DELHI,SOUTH,0.5,0.5,0.5,SOUTH
109,GOA,NORTH GOA,0,0.5,0.5,NORTH GOA
110,GOA,SOUTH GOA,0,0.5,1,SOUTH GOA
111,GUJARAT,KACHCHH,1,0.5,1,KACHCHH
112,GUJARAT,BANASKANTHA,1,1,0.5,BANAS KANTHA
113,GUJARAT,PATAN,0.5,0.5,0.5,PATAN
114,GUJARAT,MAHESANA,1,1,1,MAHESANA
115,GUJARAT,SABARKANTHA,1,1,0.5,SABAR KANTHA
116,GUJARAT,GANDHINAGAR,0.5,1,1,GANDHINAGAR
117,GUJARAT,AHMADABAD,0.5,0.5,1,AHMADABAD
118,GUJARAT,SURENDRANAGAR,1,1,1,SURENDRANAGAR
119,GUJARAT,RAJKOT,0.5,0.5,0.5,RAJKOT
120,GUJARAT,JAMNAGAR,0.5,0.5,1,JAMNAGAR
121,GUJARAT,PORBANDAR,0,0.5,1,PORBANDAR
122,GUJARAT,JUNAGADH,0.5,0.5,1,JUNAGADH
123,GUJARAT,AMRELI,0.5,0.5,0.5,AMRELI
124,GUJARAT,BHAVNAGAR,1,1,1,BHAVNAGAR
125,GUJARAT,ANAND,1,1,0.5,ANAND
126,GUJARAT,KHEDA,1,1,1,KHEDA
127,GUJARAT,PANCHMAHAL,1,1,1,PANCH MAHALS
128,GUJARAT,DOHAD,1,1,0.5,DOHAD
129,GUJARAT,VADODARA,1,0.5,0.5,VADODARA
130,GUJARAT,NARMADA,1,1,1,NARMADA
131,GUJARAT,BHARUCH,1,1,1,BHARUCH
132,GUJARAT,THE DANGS,1,1,1,DANG
133,GUJARAT,NAVSARI,0.5,0.5,1,NAVSARI
134,GUJARAT,VALSAD,1,1,1,VALSAD
135,GUJARAT,SURAT,0.5,0.5,1,SURAT
136,GUJARAT,TAPI,0.5,1,1,TAPI
137,HARYANA,PANCHKULA,0,0.5,1,PANCHKULA
138,HARYANA,AMBALA,0,0.5,1,AMBALA
139,HARYANA,YAMUNANAGAR,0.5,0.5,1,YAMUNANAGAR
140,HARYANA,KURUKSHETRA,0.5,0.5,0.5,KURUKSHETRA
141,HARYANA,KAITHAL,0.5,0.5,0.5,KAITHAL
142,HARYANA,KARNAL,1,0.5,0.5,KARNAL
143,HARYANA,PANIPAT,1,1,1,PANIPAT
144,HARYANA,SONIPAT,1,0.5,0.5,SONIPAT
145,HARYANA,JIND,0.5,0.5,1,JIND
146,HARYANA,FATEHABAD,0.5,0.5,0.5,FATEHABAD
147,HARYANA,SIRSA,0.5,0.5,0.5,SIRSA
148,HARYANA,HISAR,0.5,0.5,0.5,HISAR
149,HARYANA,BHIWANI,0.5,0.5,0.5,BHIWANI
150,HARYANA,ROHTAK,0.5,0.5,0,ROHTAK
151,HARYANA,JHAJJAR,0,0.5,0.5,JHAJJAR
152,HARYANA,MAHENDRAGARH,0,0.5,0.5,MAHENDRAGARH
153,HARYANA,REWARI,0.5,0.5,0.5,REWARI
154,HARYANA,GURGAON,1,0.5,0.5,GURGAON
155,HARYANA,MEWAT,1,1,0.5,MEWAT
156,HARYANA,FARIDABAD,0.5,0.5,0.5,FARIDABAD
157,HARYANA,PALWAL,0.5,0.5,0.5,PALWAL
158,HIMACHAL PRADESH,CHAMBA,0.5,0.5,0.5,CHAMBA
159,HIMACHAL PRADESH,KANGRA,0.5,0.5,0,KANGRA
160,HIMACHAL PRADESH,LAHUL &SPITI,0,0,0.5,LAHUL AND SPITI
161,HIMACHAL PRADESH,KULLU,0,0,0,KULLU
162,HIMACHAL PRADESH,MANDI,0.5,0,0,MANDI
163,HIMACHAL PRADESH,UNA,0,0,0,UNA
164,HIMACHAL PRADESH,SOLAN,0.5,0.5,0.5,SOLAN
165,HIMACHAL PRADESH,SIRMAUR,0,0.5,0.5,SIRMAUR
166,HIMACHAL PRADESH,SHIMLA,0.5,0.5,0.5,SHIMLA
167,HIMACHAL PRADESH,KINNAUR,0,0,0,KINNAUR
168,HIMACHAL PRADESH,HAMIRPUR,0.5,0,0,HAMIRPUR
169,HIMACHAL PRADESH,BILASPUR,0.5,0.5,0,BILASPUR
170,JAMMU & KASHMIR,KUPWARA,0.5,0,0,KUPWARA
171,JAMMU & KASHMIR,BADGAM,0,0,0,BADGAM
172,JAMMU & KASHMIR,LEH(LADAKH),0,0,0,LEH LADAKH
173,JAMMU & KASHMIR,KARGIL,0.5,0.5,0,KARGIL
174,JAMMU & KASHMIR,PUNCH,0.5,0.5,0.5,POONCH
175,JAMMU & KASHMIR,RAJOURI,0.5,0.5,0,RAJAURI
176,JAMMU & KASHMIR,KATHUA,0.5,0,0.5,KATHUA
177,JAMMU & KASHMIR,BARAMULA,0.5,0,0,BARAMULLA
178,JAMMU & KASHMIR,BANDIPORE,0,0,0,BANDIPORA
179,JAMMU & KASHMIR,SRINAGAR,0.5,0.5,0.5,SRINAGAR
180,JAMMU & KASHMIR,GANDERBAL,0,0,0,GANDERBAL
181,JAMMU & KASHMIR,PULWAMA,0,0,0,PULWAMA
182,JAMMU & KASHMIR,SHUPIYAN,0,0,0,SHOPIAN
183,JAMMU & KASHMIR,ANANTNAG,0,0,0,ANANTNAG
184,JAMMU & KASHMIR,KULGAM,0,0,0,KULGAM
185,JAMMU & KASHMIR,DODA,0.5,0,0,DODA
186,JAMMU & KASHMIR,RAMBAN,0.5,0,0.5,RAMBAN
187,JAMMU & KASHMIR,KISHTWAR,0.5,0,0.5,KISHTWAR
188,JAMMU & KASHMIR,UDHAMPUR,1,0.5,0,UDHAMPUR
189,JAMMU & KASHMIR,REASI,0.5,0.5,0.5,REASI
190,JAMMU & KASHMIR,JAMMU,0,0,0,JAMMU
191,JAMMU & KASHMIR,SAMBA,0,0,0,SAMBA
192,JHARKHAND,GARHWA,1,1,1,GARHWA
193,JHARKHAND,CHATRA,1,1,1,CHATRA
194,JHARKHAND,KODARMA,1,1,0.5,KODERMA
195,JHARKHAND,GIRIDIH,1,1,0.5,GIRIDIH
196,JHARKHAND,DEOGHAR,1,1,0.5,DEOGHAR
197,JHARKHAND,GODDA,1,1,0.5,GODDA
198,JHARKHAND,SAHIBGANJ,1,1,0.5,SAHEBGANJ
199,JHARKHAND,PAKUR,1,1,0.5,PAKUR
200,JHARKHAND,DHANBAD,0.5,1,1,DHANBAD
201,JHARKHAND,BOKARO,0.5,1,1,BOKARO
202,JHARKHAND,LOHARDAGA,1,1,1,LOHARDAGA
203,JHARKHAND,PURBI SINGHBHUM,0.5,1,1,EAST SINGHBUM
204,JHARKHAND,PALAMU,1,1,0.5,PALAMU
205,JHARKHAND,LATEHAR,1,1,1,LATEHAR
206,JHARKHAND,HAZARIBAGH,1,1,0.5,HAZARIBAGH
207,JHARKHAND,RAMGARH,0.5,1,1,RAMGARH
208,JHARKHAND,DUMKA,1,1,1,DUMKA
209,JHARKHAND,JAMTARA,1,1,1,JAMTARA
210,JHARKHAND,RANCHI,1,1,1,RANCHI
211,JHARKHAND,KHUNTI,1,1,1,KHUNTI
212,JHARKHAND,GUMLA,1,1,1,GUMLA
213,JHARKHAND,SIMDEGA,0.5,1,1,SIMDEGA
214,JHARKHAND,PASHCHIMI SINGHBHUM,1,1,1,WEST SINGHBHUM
215,JHARKHAND,SARAIKELA KHARSAWAN,1,1,0.5,SARAIKELA KHARSAWAN
216,KARNATAKA,BELGAUM,0.5,0.5,1,BELGAUM
217,KARNATAKA,BAGALKOT,1,1,0.5,BAGALKOT
218,KARNATAKA,BIJAPUR,1,0.5,1,BIJAPUR
219,KARNATAKA,BIDAR,1,0.5,0.5,BIDAR
220,KARNATAKA,RAICHUR,0.5,1,1,RAICHUR
221,KARNATAKA,KOPPAL,1,1,1,KOPPAL
222,KARNATAKA,GADAG,0.5,0.5,1,GADAG
223,KARNATAKA,DHARWAD,0.5,1,1,DHARWAD
224,KARNATAKA,UTTARA KANNADA,0.5,0.5,0.5,UTTAR KANNAD
225,KARNATAKA,HAVERI,1,0.5,0.5,HAVERI
226,KARNATAKA,BELLARY,1,1,1,BELLARY
227,KARNATAKA,CHITRADURGA,0.5,0.5,1,CHITRADURGA
228,KARNATAKA,DAVANAGERE,1,1,0.5,DAVANGERE
229,KARNATAKA,SHIMOGA,0.5,0.5,0,SHIMOGA
230,KARNATAKA,UDUPI,0,0.5,0.5,UDUPI
231,KARNATAKA,CHIKMAGALUR,0,0.5,0.5,CHIKMAGALUR
232,KARNATAKA,TUMKUR,0.5,0.5,1,TUMKUR
233,KARNATAKA,BANGALORE,0.5,0.5,1,BENGALURU URBAN
234,KARNATAKA,MANDYA,0,0.5,0.5,MANDYA
235,KARNATAKA,HASSAN,0.5,0.5,0.5,HASSAN
236,KARNATAKA,DAKSHINA KANNADA,0,0.5,0.5,DAKSHIN KANNAD
237,KARNATAKA,KODAGU,0.5,0.5,0.5,KODAGU
238,KARNATAKA,MYSORE,0.5,0.5,0.5,MYSORE
239,KARNATAKA,CHAMARAJANAGAR,0.5,0.5,0.5,CHAMARAJANAGAR
240,KARNATAKA,GULBARGA,1,1,1,GULBARGA
241,KARNATAKA,YADGIR,1,1,1,YADGIR
242,KARNATAKA,KOLAR,0.5,0.5,0.5,KOLAR
243,KARNATAKA,CHIKKABALLAPURA,0.5,0.5,0.5,CHIKBALLAPUR
244,KARNATAKA,BANGALORE RURAL,0.5,0.5,0.5,BANGALORE RURAL
245,KARNATAKA,RAMANAGARA,0,0.5,0.5,RAMANAGARA
246,KERALA,KASARAGOD,0,0,0,KASARAGOD
247,KERALA,KANNUR,0.5,0,0,KANNUR
248,KERALA,WAYANAD,0.5,0.5,0.5,WAYANAD
249,KERALA,KOZHIKODE,0,0,0,KOZHIKODE
250,KERALA,MALAPPURAM,0.5,0,0.5,MALAPPURAM
251,KERALA,PALAKKAD,0,0,0,PALAKKAD
252,KERALA,THRISSUR,0,0,0.5,THRISSUR
253,KERALA,ERNAKULAM,0,0,0.5,ERNAKULAM
254,KERALA,IDUKKI,0,0,0.5,IDUKKI
255,KERALA,KOTTAYAM,0,0,0.5,KOTTAYAM
256,KERALA,ALAPPUZHA,0,0,0.5,ALAPPUZHA
257,KERALA,PATHANAMTHITTA,0,0,0,PATHANAMTHITTA
258,KERALA,KOLLAM,0,0,0.5,KOLLAM
259,KERALA,THIRUVANANTHAPURAM,0,0.5,0,THIRUVANANTHAPURAM
260,MADHYA PRADESH,SHEOPUR,1,1,1,SHEOPUR
261,MADHYA PRADESH,MORENA,1,1,1,MORENA
262,MADHYA PRADESH,BHIND,1,1,1,BHIND
263,MADHYA PRADESH,GWALIOR,1,1,1,GWALIOR
264,MADHYA PRADESH,DATIA,1,1,1,DATIA
265,MADHYA PRADESH,SHIVPURI,1,1,1,SHIVPURI
266,MADHYA PRADESH,TIKAMGARH,1,1,0.5,TIKAMGARH
267,MADHYA PRADESH,CHHATARPUR,1,1,0.5,CHHATARPUR
268,MADHYA PRADESH,PANNA,1,1,0.5,PANNA
269,MADHYA PRADESH,SAGAR,1,0.5,0.5,SAGAR
270,MADHYA PRADESH,DAMOH,1,0.5,0.5,DAMOH
271,MADHYA PRADESH,SATNA,1,0.5,1,SATNA
272,MADHYA PRADESH,REWA,1,0.5,0.5,REWA
273,MADHYA PRADESH,UMARIA,1,1,1,UMARIA
274,MADHYA PRADESH,NEEMUCH,0.5,0.5,0.5,NEEMUCH
275,MADHYA PRADESH,MANDSAUR,0.5,0.5,0.5,MANDSAUR
276,MADHYA PRADESH,RATLAM,1,1,0.5,RATLAM
277,MADHYA PRADESH,UJJAIN,0.5,0.5,0.5,UJJAIN
278,MADHYA PRADESH,SHAJAPUR,1,1,1,SHAJAPUR
279,MADHYA PRADESH,DEWAS,1,1,1,DEWAS
280,MADHYA PRADESH,DHAR,1,1,1,DHAR
281,MADHYA PRADESH,INDORE,0.5,0.5,0.5,INDORE
282,MADHYA PRADESH,KHARGONE (WEST NIMAR),1,1,0.5,KHARGONE
283,MADHYA PRADESH,BARWANI,1,1,1,BARWANI
284,MADHYA PRADESH,RAJGARH,0.5,1,1,RAJGARH
285,MADHYA PRADESH,VIDISHA,1,1,0.5,VIDISHA
286,MADHYA PRADESH,BHOPAL,1,0.5,0.5,BHOPAL
287,MADHYA PRADESH,SEHORE,0.5,0.5,1,SEHORE
288,MADHYA PRADESH,RAISEN,1,1,0.5,RAISEN
289,MADHYA PRADESH,BETUL,0.5,1,1,BETUL
290,MADHYA PRADESH,HARDA,0.5,1,1,HARDA
291,MADHYA PRADESH,HOSHANGABAD,0.5,1,1,HOSHANGABAD
292,MADHYA PRADESH,KATNI,1,1,0.5,KATNI
293,MADHYA PRADESH,JABALPUR,0.5,1,1,JABALPUR
294,MADHYA PRADESH,NARSIMHAPUR,0.5,0.5,0.5,NARSINGHPUR
295,MADHYA PRADESH,DINDORI,1,1,1,DINDORI
296,MADHYA PRADESH,MANDLA,0.5,1,1,MANDLA
297,MADHYA PRADESH,CHHINDWARA,0.5,1,1,CHHINDWARA
298,MADHYA PRADESH,SEONI,0.5,1,1,SEONI
299,MADHYA PRADESH,BALAGHAT,0.5,1,1,BALAGHAT
300,MADHYA PRADESH,GUNA,1,1,1,GUNA
301,MADHYA PRADESH,ASHOKNAGAR,1,1,1,ASHOKNAGAR
302,MADHYA PRADESH,SHAHDOL,0.5,1,1,SHAHDOL
303,MADHYA PRADESH,ANUPPUR,0.5,0.5,1,ANUPPUR
304,MADHYA PRADESH,SIDHI,1,1,0.5,SIDHI
305,MADHYA PRADESH,SINGRAULI,0.5,0.5,1,SINGRAULI
306,MADHYA PRADESH,JHABUA,1,1,0.5,JHABUA
307,MADHYA PRADESH,ALIRAJPUR,1,1,1,ALIRAJPUR
308,MADHYA PRADESH,KHANDWA (EAST NIMAR),1,1,0.5,KHANDWA
309,MADHYA PRADESH,BURHANPUR,1,1,0.5,BURHANPUR
310,MAHARASHTRA,NANDURBAR,1,1,1,NANDURBAR
311,MAHARASHTRA,DHULE,0.5,1,1,DHULE
312,MAHARASHTRA,JALGAON,0.5,0.5,1,JALGAON
313,MAHARASHTRA,BULDANA,1,1,0.5,BULDHANA
314,MAHARASHTRA,AKOLA,1,0.5,0.5,AKOLA
315,MAHARASHTRA,WASHIM,1,1,1,WASHIM
316,MAHARASHTRA,AMRAVATI,0.5,0.5,0.5,AMRAVATI
317,MAHARASHTRA,WARDHA,0.5,0.5,1,WARDHA
318,MAHARASHTRA,NAGPUR,0.5,0.5,1,NAGPUR
319,MAHARASHTRA,BHANDARA,1,0.5,0.5,BHANDARA
320,MAHARASHTRA,GONDIYA,0.5,1,1,GONDIA
321,MAHARASHTRA,GADCHIROLI,0.5,1,1,GADCHIROLI
322,MAHARASHTRA,CHANDRAPUR,0.5,1,1,CHANDRAPUR
323,MAHARASHTRA,YAVATMAL,1,1,1,YAVATMAL
324,MAHARASHTRA,NANDED,1,0.5,0.5,NANDED
325,MAHARASHTRA,HINGOLI,0.5,0.5,0.5,HINGOLI
326,MAHARASHTRA,PARBHANI,1,1,0.5,PARBHANI
327,MAHARASHTRA,JALNA,1,1,0.5,JALNA
328,MAHARASHTRA,AURANGABAD,0.5,0.5,0.5,AURANGABAD
329,MAHARASHTRA,NASHIK,1,1,1,NASHIK
330,MAHARASHTRA,THANE,0.5,1,1,THANE
331,MAHARASHTRA,MUMBAI SUBURBAN,0,0.5,0.5,MUMBAI SUBURBAN
332,MAHARASHTRA,MUMBAI,0.5,0.5,1,MUMBAI
333,MAHARASHTRA,RAIGARH,0.5,0.5,1,RAIGARH
334,MAHARASHTRA,PUNE,0,0.5,0.5,PUNE
335,MAHARASHTRA,AHMADNAGAR,0.5,0.5,0.5,AHMEDNAGAR
336,MAHARASHTRA,BID,0.5,0.5,1,BEED
337,MAHARASHTRA,LATUR,0.5,0.5,0.5,LATUR
338,MAHARASHTRA,OSMANABAD,1,1,0.5,OSMANABAD
339,MAHARASHTRA,SOLAPUR,0.5,0.5,0.5,SOLAPUR
340,MAHARASHTRA,SATARA,0,0.5,0.5,SATARA
341,MAHARASHTRA,RATNAGIRI,0.5,0.5,0.5,RATNAGIRI
342,MAHARASHTRA,SINDHUDURG,0.5,0.5,0.5,SINDHUDURG
343,MAHARASHTRA,KOLHAPUR,0.5,0.5,1,KOLHAPUR
344,MAHARASHTRA,SANGLI,0,0.5,0.5,SANGLI
345,MANIPUR,SENAPATI,0.5,0,0,SENAPATI
346,MANIPUR,TAMENGLONG,0.5,0,0,TAMENGLONG
347,MANIPUR,CHURACHANDPUR,0.5,0,0,CHURACHANDPUR
348,MANIPUR,BISHNUPUR,0,0,0,BISHNUPUR
349,MANIPUR,THOUBAL,0.5,0,0,THOUBAL
350,MANIPUR,IMPHAL WEST,0,0,0,IMPHAL WEST
351,MANIPUR,IMPHAL EAST,0.5,0,0,IMPHAL EAST
352,MANIPUR,UKHRUL,0.5,0,0,UKHRUL
353,MANIPUR,CHANDEL,0.5,0,0,CHANDEL
354,MEGHALAYA,WEST GARO HILLS,0.5,0.5,0.5,WEST GARO HILLS
355,MEGHALAYA,EAST GARO HILLS,0.5,0,0,EAST GARO HILLS
356,MEGHALAYA,SOUTH GARO HILLS,0,0.5,1,SOUTH GARO HILLS
357,MEGHALAYA,WEST KHASI HILLS,1,0.5,0.5,WEST KHASI HILLS
358,MEGHALAYA,RIBHOI,1,0.5,0,RI BHOI
359,MEGHALAYA,EAST KHASI HILLS,1,0.5,0,EAST KHASI HILLS
360,MEGHALAYA,JAINTIA HILLS,1,0.5,0.5,EAST JAINTIA HILLS
361,MIZORAM,MAMIT,0.5,0,0,MAMIT
362,MIZORAM,KOLASIB,0.5,0,0,KOLASIB
363,MIZORAM,AIZWAL,0,0,0,AIZAWL
364,MIZORAM,CHAMPHAI,0.5,0,0,CHAMPHAI
365,MIZORAM,SERCHHIP,0.5,0,0,SERCHHIP
366,MIZORAM,LUNGLEI,0.5,0,0,LUNGLEI
367,MIZORAM,LAWNGTLAI,0.5,0.5,0,LAWNGTLAI
368,MIZORAM,SAIHA,0.5,0,0,SAIHA
369,NAGALAND,MON,0.5,0.5,0.5,MON
370,NAGALAND,MOKOKCHUNG,0,0,0,MOKOKCHUNG
371,NAGALAND,ZUNHEBOTO,0.5,0,0,ZUNHEBOTO
372,NAGALAND,WOKHA,0,0,0,WOKHA
373,NAGALAND,DIMAPUR,0,0,0,DIMAPUR
374,NAGALAND,PHEK,0.5,0,0,PHEK
375,NAGALAND,TUENSANG,0.5,0.5,0,TUENSANG
376,NAGALAND,LONGLENG,0.5,0,0.5,LONGLENG
377,NAGALAND,KIPHIRE,1,0.5,0,KIPHIRE
378,NAGALAND,KOHIMA,0,0,0,KOHIMA
379,NAGALAND,PEREN,0.5,0,0,PEREN
380,ODISHA,BARGARH,0.5,0.5,0.5,BARGARH
381,ODISHA,JHARSUGUDA,0.5,0.5,0.5,JHARSUGUDA
382,ODISHA,SAMBALPUR,1,1,1,SAMBALPUR
383,ODISHA,DEBAGARH,0.5,0.5,0.5,DEOGARH
384,ODISHA,SUNDARGARH,0.5,1,1,SUNDARGARH
385,ODISHA,KENDUJHAR,1,1,0.5,KENDUJHAR
386,ODISHA,MAYURBHANJ,1,1,0.5,MAYURBHANJ
387,ODISHA,BALESHWAR,0.5,0.5,0.5,BALESHWAR
388,ODISHA,BHADRAK,0.5,0.5,0.5,BHADRAK
389,ODISHA,KENDRAPARA,0.5,0.5,0,KENDRAPARA
390,ODISHA,JAGATSINGHAPUR,0,0,0,JAGATSINGHAPUR
391,ODISHA,CUTTACK,0,0,0,CUTTACK
392,ODISHA,JAJAPUR,0.5,0.5,0.5,JAJAPUR
393,ODISHA,DHENKANAL,0.5,0.5,0.5,DHENKANAL
394,ODISHA,ANUGUL,0.5,0.5,0.5,ANUGUL
395,ODISHA,NAYAGARH,0.5,0.5,0.5,NAYAGARH
396,ODISHA,KHORDHA,0,0.5,0,KHORDHA
397,ODISHA,PURI,0,0,0,PURI
398,ODISHA,GANJAM,0.5,0.5,0.5,GANJAM
399,ODISHA,GAJAPATI,0.5,0.5,0.5,GAJAPATI
400,ODISHA,KANDHAMAL,0.5,1,0.5,KANDHAMAL
401,ODISHA,BAUDH,1,1,0.5,BOUDH
402,ODISHA,SUBARNAPUR,1,1,0.5,SONEPUR
403,ODISHA,BALANGIR,1,1,1,BALANGIR
404,ODISHA,NUAPADA,0.5,1,1,NUAPADA
405,ODISHA,KALAHANDI,0.5,0.5,0.5,KALAHANDI
406,ODISHA,RAYAGADA,1,1,0.5,RAYAGADA
407,ODISHA,NABARANGAPUR,1,1,1,NABARANGPUR
408,ODISHA,KORAPUT,1,1,1,KORAPUT
409,ODISHA,MALKANGIRI,1,1,1,MALKANGIRI
410,PUDUCHERRY,YANAM,0.5,0.5,0.5,YANAM
411,PUDUCHERRY,PUDUCHERRY,0,0.5,0.5,PONDICHERRY
412,PUDUCHERRY,MAHE,0.5,0,0,MAHE
413,PUDUCHERRY,KARAIKAL,0,0.5,0.5,KARAIKAL
414,PUNJAB,GURDASPUR,0,0.5,0.5,GURDASPUR
415,PUNJAB,KAPURTHALA,0,0.5,0.5,KAPURTHALA
416,PUNJAB,JALANDHAR,0.5,0.5,0.5,JALANDHAR
417,PUNJAB,HOSHIARPUR,0.5,0.5,0.5,HOSHIARPUR
418,PUNJAB,SHAHID BHAGAT SINGH NAGAR,0,0.5,0.5,NAWANSHAHR
419,PUNJAB,FATEHGARH SAHIB,0,0,0,FATEHGARH SAHIB
420,PUNJAB,LUDHIANA,0.5,0.5,0.5,LUDHIANA
421,PUNJAB,MOGA,0.5,0.5,0.5,MOGA
422,PUNJAB,FIROZPUR,0.5,0.5,0.5,FIROZEPUR
423,PUNJAB,MUKTSAR,0.5,0.5,0.5,MUKTSAR
424,PUNJAB,FARIDKOT,0.5,0.5,0.5,FARIDKOT
425,PUNJAB,BATHINDA,0,0,0,BATHINDA
426,PUNJAB,MANSA,0.5,0.5,0.5,MANSA
427,PUNJAB,PATIALA,0,0,0,PATIALA
428,PUNJAB,AMRITSAR,0,0,0,AMRITSAR
429,PUNJAB,TARN TARAN,0,0,0,TARN TARAN
430,PUNJAB,RUPNAGAR,0,0.5,0,RUPNAGAR
431,PUNJAB,SAHIBZADA AJIT SINGH NAGAR,0,0.5,0,S.A.S NAGAR
432,PUNJAB,SANGRUR,0.5,0,0.5,SANGRUR
433,PUNJAB,BARNALA,0,0,0,BARNALA
434,RAJASTHAN,GANGANAGAR,0.5,0.5,0.5,GANGANAGAR
435,RAJASTHAN,HANUMANGARH,0.5,0.5,0.5,HANUMANGARH
436,RAJASTHAN,BIKANER,0.5,0.5,0.5,BIKANER
437,RAJASTHAN,CHURU,0.5,0.5,0.5,CHURU
438,RAJASTHAN,JHUNJHUNUN,0.5,0,0,JHUNJHUNU
439,RAJASTHAN,ALWAR,1,0.5,0.5,ALWAR
440,RAJASTHAN,BHARATPUR,1,0.5,0,BHARATPUR
441,RAJASTHAN,DHAULPUR,1,0.5,0.5,DHOLPUR
442,RAJASTHAN,KARAULI,1,0.5,0.5,KARAULI
443,RAJASTHAN,SAWAI MADHOPUR,0.5,0.5,0.5,SAWAI MADHOPUR
444,RAJASTHAN,DAUSA,0.5,0.5,0.5,DAUSA
445,RAJASTHAN,JAIPUR,0.5,0.5,0,JAIPUR
446,RAJASTHAN,SIKAR,0.5,0.5,0,SIKAR
447,RAJASTHAN,NAGAUR,0.5,0.5,0.5,NAGAUR
448,RAJASTHAN,JODHPUR,1,0.5,0.5,JODHPUR
449,RAJASTHAN,JAISALMER,0.5,0.5,0.5,JAISALMER
450,RAJASTHAN,BARMER,0.5,0.5,1,BARMER
451,RAJASTHAN,JALOR,1,1,1,JALORE
452,RAJASTHAN,SIROHI,1,1,1,SIROHI
453,RAJASTHAN,PALI,1,1,0.5,PALI
454,RAJASTHAN,AJMER,0.5,0.5,1,AJMER
455,RAJASTHAN,TONK,0.5,0.5,0.5,TONK
456,RAJASTHAN,BUNDI,0.5,1,1,BUNDI
457,RAJASTHAN,BHILWARA,0.5,1,1,BHILWARA
458,RAJASTHAN,RAJSAMAND,0.5,0.5,1,RAJSAMAND
459,RAJASTHAN,DUNGARPUR,1,1,1,DUNGARPUR
460,RAJASTHAN,BANSWARA,1,1,1,BANSWARA
461,RAJASTHAN,CHITTAURGARH,0.5,1,0.5,CHITTORGARH
462,RAJASTHAN,KOTA,0.5,0.5,1,KOTA
463,RAJASTHAN,BARAN,1,1,1,BARAN
464,RAJASTHAN,JHALAWAR,0.5,1,1,JHALAWAR
465,RAJASTHAN,UDAIPUR,1,1,1,UDAIPUR
466,RAJASTHAN,PRATAPGARH,1,1,1,PRATAPGARH
467,SIKKIM,NORTH DISTRICT,0,0,0.5,NORTH DISTRICT
468,SIKKIM,WEST DISTRICT,1,0,0,WEST DISTRICT
469,SIKKIM,SOUTH DISTRICT,0.5,0.5,0.5,SOUTH DISTRICT
470,SIKKIM,EAST DISTRICT,0,0,0,EAST DISTRICT
471,TAMIL NADU,THIRUVALLUR,0.5,0.5,0.5,THIRUVALLUR
472,TAMIL NADU,CHENNAI,0.5,0,0.5,CHENNAI
473,TAMIL NADU,KANCHEEPURAM,0,0,0,KANCHIPURAM
474,TAMIL NADU,VELLORE,0.5,0.5,1,VELLORE
475,TAMIL NADU,TIRUVANNAMALAI,0,0.5,1,TIRUVANNAMALAI
476,TAMIL NADU,VILUPPURAM,0.5,0.5,0.5,VILLUPURAM
477,TAMIL NADU,SALEM,0.5,0.5,0.5,SALEM
478,TAMIL NADU,NAMAKKAL,0.5,0,0,NAMAKKAL
479,TAMIL NADU,ERODE,0.5,0,0.5,ERODE
480,TAMIL NADU,THE NILGIRIS,0.5,0.5,1,THE NILGIRIS
481,TAMIL NADU,DINDIGUL,0.5,0.5,1,DINDIGUL
482,TAMIL NADU,KARUR,0.5,0.5,0.5,KARUR
483,TAMIL NADU,TIRUCHIRAPPALLI,0.5,0.5,0.5,TIRUCHIRAPPALLI
484,TAMIL NADU,PERAMBALUR,0,0.5,0.5,PERAMBALUR
485,TAMIL NADU,ARIYALUR,0.5,0.5,0.5,ARIYALUR
486,TAMIL NADU,CUDDALORE,0.5,0.5,0.5,CUDDALORE
487,TAMIL NADU,NAGAPATTINAM,0,0.5,0.5,NAGAPATTINAM
488,TAMIL NADU,THIRUVARUR,0.5,0.5,0.5,THIRUVARUR
489,TAMIL NADU,THANJAVUR,0.5,0.5,0.5,THANJAVUR
490,TAMIL NADU,PUDUKKOTTAI,0.5,0.5,0.5,PUDUKKOTTAI
491,TAMIL NADU,SIVAGANGA,0,0.5,0.5,SIVAGANGA
492,TAMIL NADU,MADURAI,0,0,0,MADURAI
493,TAMIL NADU,THENI,0.5,0.5,0,THENI
494,TAMIL NADU,VIRUDHUNAGAR,0.5,0.5,0.5,VIRUDHUNAGAR
495,TAMIL NADU,RAMANATHAPURAM,0,0.5,0.5,RAMANATHAPURAM
496,TAMIL NADU,THOOTHUKKUDI,0,0,0,TUTICORIN
497,TAMIL NADU,TIRUNELVELI,0.5,0.5,0,TIRUNELVELI
498,TAMIL NADU,KANNIYAKUMARI,0,0,0,KANNIYAKUMARI
499,TAMIL NADU,DHARMAPURI,0,0.5,1,DHARMAPURI
500,TAMIL NADU,KRISHNAGIRI,0.5,0.5,0.5,KRISHNAGIRI
501,TAMIL NADU,COIMBATORE,0.5,0.5,0.5,COIMBATORE
502,TAMIL NADU,TIRUPPUR,0.5,0.5,0.5,TIRUPPUR
503,TELANGANA,ADILABAD,0.5,0.5,0.5,ADILABAD
504,TELANGANA,NIZAMABAD,0.5,0.5,0.5,NIZAMABAD
505,TELANGANA,KARIMNAGAR,0,0.5,0.5,KARIMNAGAR
506,TELANGANA,MEDAK,0.5,0.5,0.5,MEDAK
507,TELANGANA,HYDERABAD,0,0,0,HYDERABAD
508,TELANGANA,RANGAREDDY,0.5,0.5,0,RANGAREDDI
509,TELANGANA,MAHBUBNAGAR,0.5,0.5,0.5,MAHBUBNAGAR
510,TELANGANA,NALGONDA,0.5,0.5,0.5,NALGONDA
511,TELANGANA,WARANGAL,0.5,0.5,0.5,WARANGAL
512,TELANGANA,KHAMMAM,0.5,0.5,0,KHAMMAM
513,TRIPURA,WEST TRIPURA,0,0,0,WEST TRIPURA
514,TRIPURA,SOUTH TRIPURA,0,0.5,0.5,SOUTH TRIPURA
515,TRIPURA,DHALAI,0.5,0.5,0.5,DHALAI
516,TRIPURA,NORTH TRIPURA,0.5,0.5,0,NORTH TRIPURA
517,UTTAR PRADESH,SAHARANPUR,0.5,0.5,0.5,SAHARANPUR
518,UTTAR PRADESH,MUZAFFARNAGAR,1,0.5,0.5,MUZAFFARNAGAR
519,UTTAR PRADESH,BIJNOR,1,1,0.5,BIJNOR
520,UTTAR PRADESH,MORADABAD,1,1,0.5,MORADABAD
521,UTTAR PRADESH,RAMPUR,1,1,0.5,RAMPUR
522,UTTAR PRADESH,JYOTIBA PHULE NAGAR,1,1,0.5,AMROHA
523,UTTAR PRADESH,MEERUT,0.5,0.5,0.5,MEERUT
524,UTTAR PRADESH,BAGHPAT,0.5,0.5,0,BAGHPAT
525,UTTAR PRADESH,GHAZIABAD,0.5,0.5,0,GHAZIABAD
526,UTTAR PRADESH,GAUTUM BUDDHA NAGAR,0.5,0.5,0.5,GAUTAM BUDDHA NAGAR
527,UTTAR PRADESH,BULANDSHAHR,1,0.5,0.5,BULANDSHAHR
528,UTTAR PRADESH,ALIGARH,1,0.5,0,ALIGARH
529,UTTAR PRADESH,MAHAMAYA NAGAR,1,0.5,0,HATHRAS
530,UTTAR PRADESH,MATHURA,1,0.5,0,MATHURA
531,UTTAR PRADESH,AGRA,1,0.5,0,AGRA
532,UTTAR PRADESH,FIROZABAD,1,0.5,0,FIROZABAD
533,UTTAR PRADESH,MAINPURI,1,0.5,0,MAINPURI
534,UTTAR PRADESH,BUDAUN,1,1,0.5,BUDAUN
535,UTTAR PRADESH,BAREILLY,1,1,0.5,BAREILLY
536,UTTAR PRADESH,PILIBHIT,1,1,0.5,PILIBHIT
537,UTTAR PRADESH,SHAHJAHANPUR,1,1,0.5,SHAHJAHANPUR
538,UTTAR PRADESH,KHERI,1,1,0.5,KHERI
539,UTTAR PRADESH,SITAPUR,1,1,0,SITAPUR
540,UTTAR PRADESH,HARDOI,1,0.5,0,HARDOI
541,UTTAR PRADESH,UNNAO,1,0.5,0,UNNAO
542,UTTAR PRADESH,LUCKNOW,0.5,1,1,LUCKNOW
543,UTTAR PRADESH,RAE BARELI,0.5,1,1,RAE BARELI
544,UTTAR PRADESH,FARRUKHABAD,1,0.5,0,FARRUKHABAD
545,UTTAR PRADESH,KANNAUJ,1,0.5,0,KANNAUJ
546,UTTAR PRADESH,ETAWAH,1,0.5,0,ETAWAH
547,UTTAR PRADESH,AURAIYA,1,1,1,AURAIYA
548,UTTAR PRADESH,KANPUR DEHAT,1,0.5,0.5,KANPUR DEHAT
549,UTTAR PRADESH,KANPUR NAGAR,1,1,0.5,KANPUR NAGAR
550,UTTAR PRADESH,JALAUN,1,1,1,JALAUN
551,UTTAR PRADESH,JHANSI,0.5,0.5,1,JHANSI
552,UTTAR PRADESH,LALITPUR,1,1,1,LALITPUR
553,UTTAR PRADESH,HAMIRPUR,0.5,0.5,1,HAMIRPUR
554,UTTAR PRADESH,MAHOBA,1,1,0.5,MAHOBA
555,UTTAR PRADESH,BANDA,1,1,0.5,BANDA
556,UTTAR PRADESH,CHITRAKOOT,1,1,1,CHITRAKOOT
557,UTTAR PRADESH,FATEHPUR,1,1,0,FATEHPUR
558,UTTAR PRADESH,PRATAPGARH,1,1,0.5,PRATAPGARH
559,UTTAR PRADESH,KAUSHAMBI,1,1,1,KAUSHAMBI
560,UTTAR PRADESH,ALLAHABAD,1,1,0.5,ALLAHABAD
561,UTTAR PRADESH,BARA BANKI,1,1,0,BARABANKI
562,UTTAR PRADESH,FAIZABAD,1,1,0.5,FAIZABAD
563,UTTAR PRADESH,AMBEDKAR NAGAR,1,1,0.5,AMBEDKAR NAGAR
564,UTTAR PRADESH,SULTANPUR,1,0.5,0.5,SULTANPUR
565,UTTAR PRADESH,BAHRAICH,1,1,0,BAHRAICH
566,UTTAR PRADESH,SHRAWASTI,1,0.5,0,SHRAVASTI
567,UTTAR PRADESH,BALRAMPUR,1,1,0,BALRAMPUR
568,UTTAR PRADESH,GONDA,1,0.5,0,GONDA
569,UTTAR PRADESH,SIDDHARTHNAGAR,1,1,0,SIDDHARTH NAGAR
570,UTTAR PRADESH,BASTI,1,0.5,0,BASTI
571,UTTAR PRADESH,SANT KABIR NAGAR,1,0.5,0,SANT KABEER NAGAR
572,UTTAR PRADESH,MAHRAJGANJ,1,0.5,0,MAHARAJGANJ
573,UTTAR PRADESH,GORAKHPUR,1,0.5,0.5,GORAKHPUR
574,UTTAR PRADESH,KUSHINAGAR,1,0.5,0,KUSHI NAGAR
575,UTTAR PRADESH,DEORIA,1,0.5,0,DEORIA
576,UTTAR PRADESH,AZAMGARH,0.5,0.5,0.5,AZAMGARH
577,UTTAR PRADESH,MAU,1,0.5,0.5,MAU
578,UTTAR PRADESH,BALLIA,0.5,0.5,0,BALLIA
579,UTTAR PRADESH,JAUNPUR,1,1,1,JAUNPUR
580,UTTAR PRADESH,GHAZIPUR,1,0.5,0.5,GHAZIPUR
581,UTTAR PRADESH,CHANDAULI,1,0.5,0.5,CHANDAULI
582,UTTAR PRADESH,VARANASI,1,1,1,VARANASI
583,UTTAR PRADESH,SANT RAVIDAS NAGAR,1,1,0.5,SANT RAVIDAS NAGAR
584,UTTAR PRADESH,MIRZAPUR,1,1,0.5,MIRZAPUR
585,UTTAR PRADESH,SONBHADRA,1,1,0.5,SONBHADRA
586,UTTAR PRADESH,ETAH,1,0.5,0,ETAH
587,UTTAR PRADESH,KANSHIRAM NAGAR,1,0.5,0,KASGANJ
588,UTTARAKHAND,UTTARKASHI,0.5,1,1,UTTAR KASHI
589,UTTARAKHAND,CHAMOLI,0.5,0.5,0.5,CHAMOLI
590,UTTARAKHAND,RUDRAPRAYAG,0.5,0.5,0.5,RUDRA PRAYAG
591,UTTARAKHAND,TEHRI GARHWAL,0.5,1,1,TEHRI GARHWAL
592,UTTARAKHAND,DEHRADUN,0.5,0.5,1,DEHRADUN
593,UTTARAKHAND,GARHWAL,0,0.5,1,PAURI GARHWAL
594,UTTARAKHAND,PITHORAGARH,0.5,0,0.5,PITHORAGARH
595,UTTARAKHAND,BAGESHWAR,0.5,0.5,1,BAGESHWAR
596,UTTARAKHAND,ALMORA,0.5,0.5,0,ALMORA
597,UTTARAKHAND,CHAMPAWAT,0.5,0.5,0.5,CHAMPAWAT
598,UTTARAKHAND,NAINITAL,0.5,0,0,NAINITAL
599,UTTARAKHAND,UDHAM SINGH NAGAR,0.5,0.5,0,UDAM SINGH NAGAR
600,UTTARAKHAND,HARDWAR,0.5,0.5,0,HARIDWAR
601,WEST BENGAL,DARJILING,0.5,0.5,0,DARJEELING
602,WEST BENGAL,JALPAIGURI,0.5,0.5,0.5,JALPAIGURI
603,WEST BENGAL,KOCH BIHAR,0.5,0.5,0.5,COOCHBEHAR
604,WEST BENGAL,UTTAR DINAJPUR,1,0.5,0,DINAJPUR UTTAR
605,WEST BENGAL,DAKSHIN DINAJPUR,0.5,0.5,0.5,DINAJPUR DAKSHIN
606,WEST BENGAL,MALDAH,0.5,0.5,0.5,MALDAH
607,WEST BENGAL,MURSHIDABAD,1,0.5,0.5,MURSHIDABAD
608,WEST BENGAL,BIRBHUM,1,1,1,BIRBHUM
609,WEST BENGAL,BARDDHAMAN,0.5,0.5,1,BARDHAMAN
610,WEST BENGAL,NADIA,0,0,0,NADIA
611,WEST BENGAL,NORTH TWENTY FOUR PARGANAS,0,0,0,24 PARAGANAS NORTH
612,WEST BENGAL,HUGLI,0.5,0.5,0.5,HOOGHLY
613,WEST BENGAL,BANKURA,0.5,0.5,1,BANKURA
614,WEST BENGAL,PURULIYA,1,1,1,PURULIA
615,WEST BENGAL,HAORA,0.5,0.5,0,HOWRAH
616,WEST BENGAL,KOLKATA,0,0,0.5,KOLKATA
617,WEST BENGAL,SOUTH TWENTY FOUR PARGANAS,0.5,0.5,0.5,24 PARAGANAS SOUTH
618,WEST BENGAL,PASCHIM MEDINIPUR,0.5,1,1,MEDINIPUR WEST
619,WEST BENGAL,PURBA MEDINIPUR,0.5,0.5,0.5,MEDINIPUR EAST